{
  "simulation_config": {
    "n_simulations": 1000,
    "n_days": 30,
    "n_stocks": 25,
    "elapsed_time": 0.3762834072113037
  },
  "summary_statistics": {
    "avg_accumulation": {
      "mean": 0.9962852664623544,
      "std": 0.12750088699729362,
      "min": 0.5826569461334214,
      "max": 1.8582142101807642
    },
    "total_returns_pct": {
      "mean": -0.7524762597535822,
      "std": 22.56437386213382,
      "percentile_5": -33.66010986900778,
      "percentile_50": -2.888361491176333,
      "percentile_95": 38.730282338034314,
      "min": -71.11968145662651,
      "max": 148.60580132012365
    }
  },
  "per_stock_statistics": [
    {
      "ticker": "AAPL",
      "name": "Apple Inc",
      "sector": "Technology",
      "initial_price": 175.5,
      "avg_return_pct": -1.021381843355359,
      "std_return_pct": 24.23534176454958,
      "avg_accumulation": 0.9946516717791131,
      "avg_max_drawdown_pct": -22.573809813005475,
      "return_distribution": {
        "percentile_1": -44.67604106570962,
        "percentile_5": -35.531174986591374,
        "percentile_25": -18.250558123273734,
        "percentile_50": -3.1897324723982434,
        "percentile_75": 11.687266707462147,
        "percentile_95": 42.829391155110336,
        "percentile_99": 72.30369542792072
      }
    },
    {
      "ticker": "MSFT",
      "name": "Microsoft Corp",
      "sector": "Technology",
      "initial_price": 380.2,
      "avg_return_pct": 0.24671140276025344,
      "std_return_pct": 24.83389880814114,
      "avg_accumulation": 1.0022444641044834,
      "avg_max_drawdown_pct": -22.832073474743932,
      "return_distribution": {
        "percentile_1": -48.240311505932986,
        "percentile_5": -36.19054532887676,
        "percentile_25": -17.23398370893173,
        "percentile_50": -1.8741880367713348,
        "percentile_75": 15.510642040212991,
        "percentile_95": 43.894976428455934,
        "percentile_99": 73.67820868903134
      }
    },
    {
      "ticker": "GOOGL",
      "name": "Alphabet Inc",
      "sector": "Technology",
      "initial_price": 140.8,
      "avg_return_pct": -1.299165056784983,
      "std_return_pct": 26.219381742901827,
      "avg_accumulation": 0.9941451341601071,
      "avg_max_drawdown_pct": -24.659887431554623,
      "return_distribution": {
        "percentile_1": -48.66614104743019,
        "percentile_5": -37.42226146073395,
        "percentile_25": -20.26289425056627,
        "percentile_50": -4.960523853684595,
        "percentile_75": 14.25043463358806,
        "percentile_95": 45.27308331311511,
        "percentile_99": 75.75579307016727
      }
    },
    {
      "ticker": "NVDA",
      "name": "NVIDIA Corp",
      "sector": "Technology",
      "initial_price": 495.3,
      "avg_return_pct": -0.6223537096779396,
      "std_return_pct": 31.501603721110197,
      "avg_accumulation": 0.9994625814374555,
      "avg_max_drawdown_pct": -28.21467650312941,
      "return_distribution": {
        "percentile_1": -54.05824630364442,
        "percentile_5": -42.65377420428966,
        "percentile_25": -23.642596226607647,
        "percentile_50": -4.163564003858011,
        "percentile_75": 15.772606233694631,
        "percentile_95": 57.14785233314089,
        "percentile_99": 99.70584727745482
      }
    },
    {
      "ticker": "META",
      "name": "Meta Platforms",
      "sector": "Technology",
      "initial_price": 325.6,
      "avg_return_pct": -1.1671504596398217,
      "std_return_pct": 25.476988508581943,
      "avg_accumulation": 0.9939284501422412,
      "avg_max_drawdown_pct": -24.063172633554927,
      "return_distribution": {
        "percentile_1": -49.636846326658784,
        "percentile_5": -36.118781252788835,
        "percentile_25": -20.02919364143859,
        "percentile_50": -3.654354131420978,
        "percentile_75": 13.895085565340072,
        "percentile_95": 45.51026963336475,
        "percentile_99": 67.71018767006102
      }
    },
    {
      "ticker": "JNJ",
      "name": "Johnson & Johnson",
      "sector": "Healthcare",
      "initial_price": 157.8,
      "avg_return_pct": -0.051589416123475985,
      "std_return_pct": 16.53476352789619,
      "avg_accumulation": 1.0006583560907227,
      "avg_max_drawdown_pct": -15.951461867863003,
      "return_distribution": {
        "percentile_1": -32.34063735215519,
        "percentile_5": -24.576870617689508,
        "percentile_25": -12.00372201822506,
        "percentile_50": -1.735213526958057,
        "percentile_75": 11.171489180265493,
        "percentile_95": 27.425267604418366,
        "percentile_99": 41.94636995135728
      }
    },
    {
      "ticker": "UNH",
      "name": "UnitedHealth Group",
      "sector": "Healthcare",
      "initial_price": 490.25,
      "avg_return_pct": -0.8168008753202521,
      "std_return_pct": 18.099492995736995,
      "avg_accumulation": 0.9964507135911278,
      "avg_max_drawdown_pct": -18.088332841771734,
      "return_distribution": {
        "percentile_1": -36.46895341243358,
        "percentile_5": -28.37028722087879,
        "percentile_25": -14.084396740257372,
        "percentile_50": -1.3208652523093334,
        "percentile_75": 11.143584033687521,
        "percentile_95": 30.21692081312856,
        "percentile_99": 44.468952279866194
      }
    },
    {
      "ticker": "PFE",
      "name": "Pfizer Inc",
      "sector": "Healthcare",
      "initial_price": 28.45,
      "avg_return_pct": -0.6836527895717954,
      "std_return_pct": 16.9376974295294,
      "avg_accumulation": 0.995593565331299,
      "avg_max_drawdown_pct": -16.97126039155029,
      "return_distribution": {
        "percentile_1": -35.75630582739509,
        "percentile_5": -26.025075004368336,
        "percentile_25": -12.600820220951919,
        "percentile_50": -2.0191635651544138,
        "percentile_75": 10.302459825049798,
        "percentile_95": 29.297653704761537,
        "percentile_99": 40.41642262402442
      }
    },
    {
      "ticker": "JPM",
      "name": "JPMorgan Chase",
      "sector": "Financials",
      "initial_price": 155.3,
      "avg_return_pct": -2.215087416572716,
      "std_return_pct": 23.144916348966095,
      "avg_accumulation": 0.989031114341828,
      "avg_max_drawdown_pct": -22.51469746626442,
      "return_distribution": {
        "percentile_1": -44.04165625075646,
        "percentile_5": -34.05071871790898,
        "percentile_25": -18.740646059834855,
        "percentile_50": -5.43862143943627,
        "percentile_75": 10.082173383461761,
        "percentile_95": 39.98565394060171,
        "percentile_99": 64.88212753608873
      }
    },
    {
      "ticker": "BAC",
      "name": "Bank of America",
      "sector": "Financials",
      "initial_price": 33.75,
      "avg_return_pct": -1.0034730306213782,
      "std_return_pct": 22.592259802937686,
      "avg_accumulation": 0.9947676503027915,
      "avg_max_drawdown_pct": -21.855538839629528,
      "return_distribution": {
        "percentile_1": -45.038149110519974,
        "percentile_5": -33.33581490636342,
        "percentile_25": -16.79056002161866,
        "percentile_50": -4.118542447234108,
        "percentile_75": 13.460017969345984,
        "percentile_95": 38.17046244878995,
        "percentile_99": 62.92285260899604
      }
    },
    {
      "ticker": "WFC",
      "name": "Wells Fargo",
      "sector": "Financials",
      "initial_price": 48.9,
      "avg_return_pct": -0.41680742926930403,
      "std_return_pct": 23.58300501456401,
      "avg_accumulation": 0.9970702250474167,
      "avg_max_drawdown_pct": -21.797131038149676,
      "return_distribution": {
        "percentile_1": -46.406486033243986,
        "percentile_5": -34.196547571721915,
        "percentile_25": -16.805062321635,
        "percentile_50": -2.456433869834446,
        "percentile_75": 13.556092419736022,
        "percentile_95": 40.30423804506905,
        "percentile_99": 63.206777898695634
      }
    },
    {
      "ticker": "XOM",